n,max_abs_diff,max_rel_diff,status
1,186485069596.70923,9.207377975893866,MISMATCH
2,7.753033568475656,1045.433442046959,MISMATCH
3,5903.978693548999,643.700250544162,MISMATCH
4,0.24743873313136786,268.84853945848556,MISMATCH
5,1790279.2488573473,6561.499296001778,MISMATCH
6,1041.4222980453133,82.13340728974484,MISMATCH
7,1478538070.535653,543.384344483398,MISMATCH
8,1823976.6319772317,1298.3085012600636,MISMATCH
9,3417731292404.4883,99.27753832315226,MISMATCH
10,1989469763.6205313,4626.284797202124,MISMATCH
11,6049418936407681.0,73.22793437449245,MISMATCH
12,9120035627673.023,69.21037818091135,MISMATCH
13,1.9871065463653335e+19,13712.937012523766,MISMATCH
14,2.4292860142597984e+16,96.64284553036717,MISMATCH
15,1.773317985916867e+22,994.2220507862075,MISMATCH
